t,q,v,qV,qP,aV,aP
2025-12-27T20:54:15+01:00,0.366079,87513.99,119551.03,0.366079,,
